Set Number,Quantity
10698-1,1
60002-1,1
41062-1,1
60134-1,1
41094-1,1
41055-1,1
41116-1,1
10245-1,1
41150-1,1
41149-1,1
70621-1,1
70612-1,1
21312-1,1
41335-1,1
41152-1,1
41191-1,1
41192-1,1
75954-1,1
76102-1,1
41156-1,1
41157-1,1
41196-1,1
70653-1,1
70655-1,1
70658-1,1
75956-1,1
75953-1,1
75955-1,1
75950-1,1
30407-1,1
70669-1,1
70670-1,1
76127-1,1
41375-1,1
41374-1,1
75945-1,1
75946-1,1
75947-1,1
75948-1,1
75957-1,1
75958-1,1
10899-1,1
41168-1,1
71707-1,1
41250-1,1
40382-1,1
75317-1,1
71721-1,1
75966-1,1
75967-1,1
75969-1,1
75979-1,1
75980-1,1
10280-1,1
10281-1,1
10289-1,1
76392-1,1
76386-1,1
76388-1,1
76389-1,1
10293-1,1
76397-1,1
76408-1,1
76406-1,1
